{
    "optimal_k": 2,
    "final_n_components": 3,
    "silhouette_scores": [
        0.6989359005581799,
        0.43266264562195383,
        0.32208430923554016,
        0.346321317007918,
        0.28431909490910795,
        0.27779263437788704,
        0.2440464853065712,
        0.2621216259571001,
        0.23481165238152113
    ],
    "final_cumulative_variance_ratio": [
        0.7507708023427392,
        0.9278955042655463,
        0.9983388132540674,
        0.9999999999999999
    ],
    "largest_cluster_mask": [
        true,
        true,
        true,
        true,
        true,
        true,
        false,
        true,
        true,
        true,
        true,
        true,
        true,
        true,
        true,
        true,
        true,
        true,
        true,
        true,
        true,
        true,
        true,
        true,
        true,
        true,
        true,
        true,
        true,
        true,
        true,
        true,
        false,
        true,
        true,
        true,
        true,
        true,
        true,
        true,
        true,
        true,
        true,
        true,
        true,
        true,
        true,
        true,
        true,
        true,
        true,
        true,
        true,
        true,
        true,
        true,
        true,
        true,
        true,
        true,
        true,
        true,
        true,
        true,
        true,
        true,
        true,
        true,
        true,
        false,
        true,
        true,
        true,
        true,
        true,
        true,
        true,
        true,
        true,
        true,
        true,
        true,
        true,
        true,
        true,
        true,
        true,
        true,
        true,
        true,
        true,
        true,
        true,
        true,
        true,
        true,
        true,
        true,
        true,
        true,
        true,
        true,
        true,
        true,
        true,
        true,
        true,
        true,
        true,
        true,
        true,
        true,
        true,
        true
    ],
    "X_reduced": [
        [
            1.5203297274240903,
            0.24094082348470033,
            -0.3578074704434825,
            0.1673076296219251
        ],
        [
            0.5797529585426597,
            0.1214424469721274,
            0.02886867417361286,
            -0.1376399431751119
        ],
        [
            0.04169905344855496,
            0.03704895924231548,
            -0.06712571232723309,
            -0.029764705742425603
        ],
        [
            1.8293670486781979,
            0.6323744247534788,
            0.07323432165141945,
            1.059075185482297
        ],
        [
            -1.1651477132196215,
            -0.29604833235352246,
            -0.588453110765639,
            -0.35122981989965096
        ],
        [
            -0.5405308904300482,
            0.16699230801779313,
            0.3713818258438941,
            0.46654707136920326
        ],
        [
            -5.054257783906219,
            -1.4836174675324467,
            0.48214548253550077,
            -1.616144467075524
        ],
        [
            0.9999791457637226,
            0.4341534817178565,
            -1.3270873502465594,
            1.1113995908981402
        ],
        [
            0.20097955405005977,
            0.00745057972852292,
            0.3038958374824156,
            -0.12116230646889324
        ],
        [
            2.2168217934764436,
            0.4136923356637918,
            -0.540035521630755,
            0.27669503105586785
        ],
        [
            0.7478596933166795,
            0.2235283109004469,
            -0.008815667201565881,
            0.19087972968835035
        ],
        [
            0.2315341196226327,
            -0.0824778312670574,
            -0.002236523451862234,
            -0.4206971071525176
        ],
        [
            1.4745791371734056,
            0.5847527992500776,
            -0.4747912436373585,
            1.0107431992741096
        ],
        [
            -1.0594708496179155,
            -0.11946031687496851,
            0.8066486042802548,
            0.34901636736276487
        ],
        [
            -0.607627650965972,
            -0.002168418475675705,
            0.4001556186421389,
            0.3927535490130727
        ],
        [
            0.9454214314240496,
            0.3683015234563511,
            0.015863797595717315,
            0.7600559272988827
        ],
        [
            1.2934604464252002,
            0.34457149126726944,
            0.039897230873369695,
            -0.020239292081544655
        ],
        [
            0.49663914386258295,
            0.23063827199812992,
            -0.13155246876694582,
            0.43699697739422344
        ],
        [
            0.36308054522455463,
            0.2902180452500028,
            0.06879224056351849,
            0.671114964432149
        ],
        [
            -0.9606674719979759,
            -0.3800202401924897,
            0.5104946657414587,
            -0.4664946627283398
        ],
        [
            1.4501380999526505,
            0.5167067154299883,
            0.18098790297138798,
            0.9717733743448435
        ],
        [
            0.9711015117764583,
            0.29400233817429805,
            -0.16377768178352098,
            0.2967708542345249
        ],
        [
            0.2901004759372094,
            -0.15526466515763834,
            -0.22827111831789587,
            -0.8380577654759501
        ],
        [
            -1.6281612239756624,
            -0.6066811855494966,
            -0.004964323100039046,
            -0.9296660454193384
        ],
        [
            1.3333968667112246,
            0.38646293922573527,
            -0.02197231583696234,
            0.1906923391559945
        ],
        [
            1.2098081378127405,
            0.22347947324844908,
            -0.559122279731718,
            0.37728348254353
        ],
        [
            -0.9084454210449954,
            -0.5163256284746381,
            0.4960691853325451,
            -0.9068293804700288
        ],
        [
            -0.035490720990975236,
            0.4172540604092247,
            -0.37094670939794666,
            1.9339644388313368
        ],
        [
            -0.2778167685045561,
            -0.04063681162055314,
            0.08911883662131408,
            -0.2112248055821795
        ],
        [
            0.8905722343146778,
            0.21791536006386214,
            -0.21182346097400065,
            0.056586628228811504
        ],
        [
            -0.9757088559467023,
            -0.45011503420742593,
            0.016958309663520483,
            -0.8772781691305356
        ],
        [
            0.6976296019531397,
            0.0296441146620432,
            -0.12173241164159061,
            -0.6839271900160054
        ],
        [
            -2.4967227872665925,
            -1.0292305183107766,
            -0.5099839790755603,
            -1.538427786370636
        ],
        [
            1.2837295934981399,
            0.2778599964512394,
            -0.030124594800301156,
            0.05490877779650448
        ],
        [
            0.5315938243940765,
            0.14006498939118192,
            0.00943004730537166,
            -0.06041398255326817
        ],
        [
            0.21812670563507394,
            0.06583137466729717,
            -0.017985555220816844,
            -0.057393660959176404
        ],
        [
            -0.08938723061881339,
            -0.16230869114345006,
            -0.9266642446459464,
            -0.19587293093408573
        ],
        [
            0.5481593847506365,
            -0.024668862379886674,
            -0.05629060248053798,
            -0.6118372829092207
        ],
        [
            -0.2943631439242201,
            -0.13665136751270038,
