{
    "optimal_k": 2,
    "final_n_components": 2,
    "silhouette_scores": [
        0.5900962970650294,
        0.34565684772606947,
        0.3655096501224811,
        0.3608554008877646,
        0.3564163196626476,
        0.31636802631670247,
        0.2951755711002646,
        0.3499906609050639,
        0.323777677585203
    ],
    "final_cumulative_variance_ratio": [
        0.5307492279809669,
        0.9616407486961455,
        0.9989257869551396,
        1.0
    ],
    "largest_cluster_mask": [
        false,
        true,
        true,
        true,
        false,
        true,
        true,
        false,
        true,
        false,
        true,
        true,
        false,
        true,
        true,
        true,
        true,
        true,
        true,
        true,
        true,
        true,
        true,
        true,
        true,
        false,
        true,
        false,
        true,
        true,
        true,
        true,
        true,
        true,
        true,
        true,
        false,
        true,
        true,
        true,
        true,
        true,
        true,
        true,
        true,
        true,
        true,
        true,
        true,
        true,
        false,
        true,
        true,
        true,
        false,
        true,
        true,
        true,
        true,
        true,
        true,
        true,
        true,
        true,
        true,
        false,
        true,
        false,
        true,
        true,
        true,
        true,
        true,
        true,
        true,
        true,
        true,
        true,
        true,
        true,
        true,
        false,
        true,
        true,
        true,
        true,
        true,
        true,
        true,
        true,
        true,
        true,
        true,
        true,
        true,
        true,
        true,
        true,
        true,
        true,
        true,
        true,
        true,
        true,
        true,
        true,
        true,
        true,
        false,
        true,
        true,
        true,
        true,
        false
    ],
    "X_reduced": [
        [
            1.3809740459608557,
            -1.290441005357742,
            -0.10364540592545818,
            1.504488001097025
        ],
        [
            -0.5361028107794374,
            0.915035190138716,
            -0.8362797650858801,
            -0.35956112034732796
        ],
        [
            0.10345349042831621,
            0.10450528677584923,
            -0.08353782339985785,
            -0.17991684124958027
        ],
        [
            0.4297829701421331,
            -0.051541929737048346,
            -1.3843420134269475,
            0.39238704661681445
        ],
        [
            1.0594529013778031,
            -1.2288974320961543,
            0.9098015057820314,
            0.41367231141742755
        ],
        [
            0.2532757808335008,
            -0.146609713654732,
            0.8203127147760053,
            -0.684969144743944
        ],
        [
            -0.44946764684053814,
            -0.3519103798615767,
            4.312831228280475,
            -0.6604332478999058
        ],
        [
            3.6824150918487715,
            -5.871181523546812,
            1.8034658446037513,
            2.3715140492421733
        ],
        [
            -0.9472770247031315,
            1.2211868182593137,
            -0.6547395971220692,
            -0.41234308779634565
        ],
        [
            1.5514661585867076,
            -1.357803440569136,
            -0.734769388739019,
            1.8022680198263241
        ],
        [
            0.10537769133851126,
            0.16216838571367512,
            -0.5617559805475438,
            0.1203334706986935
        ],
        [
            -0.8765294195717913,
            1.200877572964318,
            -0.8929530223178744,
            -0.34255673701503037
        ],
        [
            1.9181521477339052,
            -2.6527936100557725,
            0.29148506546805764,
            1.1987685290172114
        ],
        [
            -0.7725614583885827,
            0.7340667428649903,
            0.73070788328374,
            -0.7057600034643211
        ],
        [
            -0.21881929010914247,
            0.26412738925758467,
            0.3495884191086668,
            -0.46065041225175357
        ],
        [
            1.125839574916187,
            -1.027945163911082,
            0.06828574945017321,
            0.7312298949809293
        ],
        [
            -0.7611464505584173,
            1.3249418265846642,
            -1.5414019258054512,
            -0.4807996890930556
        ],
        [
            0.9272316236438627,
            -0.8180241984640133,
            0.08408676401358903,
            0.45382836171203683
        ],
        [
            0.8136890554117948,
            -0.7050705397788364,
            0.20530416294427645,
            0.1786016236933042
        ],
        [
            -1.2805920163127462,
            1.3010410353082804,
            0.21500714074465793,
            -0.45130437923194855
        ],
        [
            0.9388427809005933,
            -0.7954790958784907,
            -0.31303761304275995,
            0.8606775695541018
        ],
        [
            0.5139860879190125,
            -0.23327871510758946,
            -0.5760265921590558,
            0.30679764973197293
        ],
        [
            -0.9431962177238212,
            1.3467476678668868,
            -1.0353290715729655,
            -0.37717189679700736
        ],
        [
            -0.7680638508155523,
            0.7458157322940693,
            0.6413443995746517,
            -0.52467585054612
        ],
        [
            -0.15826609758720558,
            0.6304166115740474,
            -1.1645982399636752,
            -0.1293954213285854
        ],
        [
            0.6400442560883195,
            -1.7893002849421562,
            -0.35349019872093956,
            1.0952136325074355
        ],
        [
            -1.8243996452112707,
            1.9035701725168483,
            -0.09339368994113145,
            -0.4874491507307333
        ],
        [
            2.9818702762866796,
            -5.602312343690639,
            2.596348454544045,
            2.0085151015273546
        ],
        [
            -0.09589413809596643,
            0.25673608516041346,
            0.30980101107774133,
            -0.31141868970337233
        ],
        [
            0.1943155344380875,
            0.14853491373023275,
            -0.7734254388152894,
            0.09539113082676673
        ],
        [
            -0.9707784626069392,
            1.1007567056613594,
            0.07313315718029283,
            -0.553602323503067
        ],
        [
            -0.9144067254119852,
            1.3961258842026028,
            -1.129178873190748,
            -0.4309310653750064
        ],
        [
            -0.431529329018325,
            0.1999230363525449,
            1.0287135576119006,
            -0.09753047929811841
        ],
        [
            -0.621784102078141,
            1.115275395118244,
            -1.6066324647817598,
            -0.18500183537494416
        ],
        [
            -0.4263788163635005,
            0.780627942216704,
            -0.796759674181795,
            -0.3233201874397884
        ],
        [
            -0.22533692002948646,
            0.5008442434579538,
            -0.44825094905766,
            -0.29454956926305426
        ],
        [
            1.324308521227384,
            -2.7936511903357153,
            1.0258335504657259,
            1.1858935437643028
        ],
        [
            -1.1047801237915889,
            1.5586405922814535,
            -1.2338057097192414,
            -0.48793558310072327
        ],
        [
            -0.8059393908603205,
            1.076769030431725,
            -0.26467424466550143,
