{
    "optimal_k": 4,
    "final_n_components": 3,
    "silhouette_scores": [
        0.3077558783780569,
        0.3272620915993911,
        0.34947277735376947,
        0.3154707696419119,
        0.3220734907995586,
        0.3029629701368336,
        0.3137435527950322,
        0.26744391965892855,
        0.2531513283875887
    ],
    "final_cumulative_variance_ratio": [
        0.5778171884053487,
        0.8945958256218799,
        0.9757687744813985,
        1.0
    ],
    "largest_cluster_mask": [
        false,
        true,
        true,
        true,
        false,
        false,
        false,
        false,
        true,
        false,
        true,
        true,
        false,
        false,
        false,
        false,
        true,
        false,
        false,
        false,
        false,
        true,
        true,
        false,
        true,
        true,
        false,
        false,
        false,
        true,
        false,
        true,
        false,
        true,
        true,
        true,
        true,
        true,
        false,
        true,
        false,
        true,
        true,
        true,
        false,
        true,
        true,
        true,
        false,
        true,
        true,
        true,
        false,
        true,
        false,
        true,
        true,
        true,
        false,
        false,
        true,
        false,
        true,
        true,
        false,
        false,
        false,
        false,
        false,
        false,
        false,
        false,
        false,
        false,
        false,
        false,
        false,
        false,
        false,
        true,
        true,
        true,
        true,
        false,
        false,
        true,
        true,
        false,
        true,
        false,
        false,
        false,
        false,
        false,
        false,
        false,
        true,
        true,
        false,
        true,
        false,
        true,
        false,
        false,
        false,
        false,
        false,
        false,
        false,
        false,
        false,
        false,
        true,
        false
    ],
    "X_reduced": [
        [
            -1.7438330684471341,
            1.5152514098704144,
            -2.226072065271502,
            -1.351379588156714
        ],
        [
            0.1786907256786646,
            -0.025395810060395138,
            0.6207508060379162,
            -0.5458966300898889
        ],
        [
            0.01818307957403991,
            0.01932229972621743,
            -0.15894847316270744,
            -0.037502507401894584
        ],
        [
            -0.9339116079530065,
            0.15713843491928878,
            0.1241839206226754,
            -1.3966195593396236
        ],
        [
            -0.02036882610914854,
            0.016469375572173116,
            -0.8603775021048551,
            0.9863073125101922
        ],
        [
            0.09510329461767873,
            -0.220965537952154,
            -0.8777382721979434,
            0.6194667863557408
        ],
        [
            1.5360553703325786,
            -0.5665290563506477,
            -2.3285609415038193,
            3.953709015624792
        ],
        [
            -1.7342907968553352,
            1.3499038909024668,
            -0.7909207794444009,
            -0.16282242599851657
        ],
        [
            0.35330663352890085,
            -0.26773126464215613,
            0.7484479486902742,
            -0.2656266645229523
        ],
        [
            -2.0544867120303207,
            1.6996999162158453,
            -2.014813477608706,
            -1.9242632062864917
        ],
        [
            -0.37629401874981444,
            0.23940382480298786,
            -0.18015469492816066,
            -0.6264440962870345
        ],
        [
            0.46631299865726633,
            -0.22166269487347698,
            1.0684434802345384,
            -0.34083776187371323
        ],
        [
            -1.385539956444264,
            0.9285858133100793,
            -0.7928430360676105,
            -0.8574138041955344
        ],
        [
            0.5177819311751349,
            -0.7369369414970612,
            -0.10722986345690552,
            0.9105599266726613
        ],
        [
            0.2763698504080087,
            -0.562370597710548,
            -0.027630509685860432,
            0.5758123627474357
        ],
        [
            -1.2164444104669594,
            0.6533967397559155,
            -1.6046491077294056,
            -0.6894321154563311
        ],
        [
            0.12431704866114926,
            0.021544139773917104,
            1.1178455941434944,
            -1.1198786832115677
        ],
        [
            -0.7622475234697192,
            0.413830014594625,
            -1.111373920679344,
            -0.335667804236967
        ],
        [
            -0.6360787461011891,
            0.18673011777604395,
            -1.0366585470739496,
            -0.16405128010500317
        ],
        [
            0.7290967366551884,
            -0.5032289473924711,
            0.4709107781077171,
            0.6112416350108019
        ],
        [
            -1.4409307381830678,
            0.7291589362889038,
            -1.508259428418531,
            -1.1100959791827738
        ],
        [
            -0.6247618136965711,
            0.4089486922382201,
            -0.44959462513395954,
            -0.7805568689706573
        ],
        [
            0.5908781657922559,
            -0.028466247326291865,
            1.192108478121875,
            -0.4551254783547027
        ],
        [
            1.035106335973131,
            -0.5163548599668989,
            0.41042851679129155,
            1.1646655758484366
        ],
        [
            -0.3064157358935124,
            0.278025762465722,
            0.3198929088797629,
            -1.110419146114981
        ],
        [
            -0.4143381278844578,
            0.35200296435016387,
            1.6459338402933275,
            -0.765910871299516
        ],
        [
            0.9588419554806653,
            -0.445588455412679,
            0.9123301439966783,
            0.44027292647203936
        ],
        [
            -1.37603463034935,
            0.39016546225611387,
            -0.5436582494206732,
            0.8448536673533537
        ],
        [
            0.12174315925282975,
            0.10053432173480409,
            -0.5002033757500384,
            0.1995337871704197
        ],
        [
            -0.3213841237066565,
            0.2866185391363004,
            0.03355136397013009,
            -0.7580413962722555
        ],
        [
            0.9270344566813334,
            -0.3851494403366023,
            0.7133754982557852,
            0.6083470244664704
        ],
        [
            0.3839553494994997,
            0.17938547626947945,
            0.9278116581310546,
            -0.7537579159825669
        ],
        [
            1.2530824540020828,
            -0.5654752404691865,
            0.4530083391188962,
            1.7800216650691985
        ],
        [
            0.0009529799250634836,
            -0.03385148202562798,
            1.1744297170859876,
            -1.1346935752995644
        ],
        [
            0.1477500887789558,
            -0.06818036497706541,
            0.5911644500320862,
            -0.48001014382815543
        ],
        [
            0.15547186089897308,
            -0.09597697611568798,
            0.32680664564013945,
            -0.20488090581495683
        ],
        [
            -0.2035448124909574,
            0.5299036135104885,
            0.6845333813302933,
            0.3078323446931536
        ],
        [
            0.5486981595193654,
            -0.09592924957529522,
            1.3283945110179554,
            -0.6346935488323803
        ],
        [
            0.6381316979739247,
