{
    "PHQ_Binary": {
        "audio": {
            "D1": 0.0,
            "D2": 0.4560439560439561,
            "M1": 0.0,
            "S1": 0.4560439560439561
        },
        "nlp": {
            "M1": 0.6756756756756758,
            "D1": 0.6756756756756758,
            "D2": 0.0,
            "S1": 0.6756756756756758
        },
        "graph": {
            "M1": 0.0,
            "S1": 0.0,
            "D2": 0.0,
            "D1": 0.0
        },
        "audio-nlp": {
            "D1": 0.30038022813688214,
            "D2": 0.045627376425855515,
            "M1": 0.09125475285171103,
            "S1": 0.09125475285171103
        },
        "audio-graph": {
            "D1": 0.11956521739130434,
            "D2": 0.3804347826086957,
            "M1": 0.0,
            "S1": 0.3804347826086957
        },
        "graph-nlp": {
            "M1": 0.12707182320441993,
            "D1": 0.0,
            "D2": 0.0,
            "S1": 0.0
        },
        "audio-graph-nlp": {
            "D1": 0.2612903225806451,
            "D2": 0.2612903225806451,
            "M1": 0.2612903225806451,
            "S1": 0.2612903225806451
        }
    },
    "PCL-C (PTSD)": {
        "audio": {
            "D1": 0.0,
            "D2": 0.6418685121107266,
            "M1": 0.2543252595155709,
            "S1": 0.6418685121107266
        },
        "nlp": {
            "M1": 0.2444089456869009,
            "D1": 0.365814696485623,
            "D2": 0.6102236421725239,
            "S1": 0.25559105431309903
        },
        "graph": {
            "M1": 0.0,
            "S1": 0.0,
            "D2": 0.0,
            "D1": 0.4816223067173638
        },
        "audio-nlp": {
            "D1": 0.2639664804469274,
            "D2": 0.0,
            "M1": 0.0,
            "S1": 0.1675977653631285
        },
        "audio-graph": {
            "D1": 0.05333333333333333,
            "D2": 0.07636363636363636,
            "M1": 0.0,
            "S1": 0.23757575757575755
        },
        "graph-nlp": {
            "M1": 0.40974212034383956,
            "D1": 0.4756446991404012,
            "D2": 0.40974212034383956,
            "S1": 0.40974212034383956
        },
        "audio-graph-nlp": {
            "D1": 0.48670756646216773,
            "D2": 0.48670756646216773,
            "M1": 0.48670756646216773,
            "S1": 0.48670756646216773
        }
    }
}