{
    "optimal_k": 2,
    "final_n_components": 3,
    "silhouette_scores": [
        0.3538967843972002,
        0.3215373564742571,
        0.32888094495451375,
        0.3433591872479646,
        0.31561888350844475,
        0.31718149156489517,
        0.2914692740215034,
        0.2397853315607507,
        0.29451516172738545
    ],
    "final_cumulative_variance_ratio": [
        0.5914493355377642,
        0.917688209083835,
        0.9930822293666057,
        1.0000000000000002
    ],
    "largest_cluster_mask": [
        false,
        true,
        true,
        true,
        false,
        true,
        true,
        false,
        true,
        false,
        true,
        true,
        false,
        true,
        true,
        false,
        true,
        false,
        false,
        true,
        false,
        false,
        true,
        true,
        true,
        true,
        true,
        false,
        true,
        true,
        true,
        true,
        true,
        true,
        true,
        true,
        false,
        true,
        true,
        true,
        true,
        true,
        true,
        true,
        false,
        true,
        true,
        true,
        true,
        true,
        false,
        true,
        false,
        true,
        false,
        true,
        false,
        true,
        true,
        true,
        true,
        true,
        true,
        true,
        true,
        false,
        true,
        false,
        false,
        true,
        true,
        true,
        false,
        true,
        true,
        false,
        true,
        true,
        true,
        true,
        true,
        false,
        true,
        true,
        true,
        false,
        true,
        false,
        true,
        true,
        true,
        true,
        true,
        true,
        true,
        true,
        true,
        true,
        false,
        true,
        true,
        true,
        true,
        true,
        true,
        true,
        false,
        false,
        false,
        true,
        true,
        true,
        true,
        false
    ],
    "X_reduced": [
        [
            -0.02891655556335489,
            3.6297505191690913,
            -1.1708432536409852,
            -2.492528158040113
        ],
        [
            -0.46334733016890306,
            -0.6149789789779002,
            0.8279346584491348,
            -0.1691429225630309
        ],
        [
            -0.146923845694939,
            0.20590684463579578,
            -0.0253377575972822,
            -0.4060919914191449
        ],
        [
            -1.2825246672211832,
            0.2762871808801468,
            -0.10047926785567289,
            -0.44597503644900344
        ],
        [
            0.3574396400172284,
            1.288539433975974,
            -1.1290494325407543,
            -0.6617355593040932
        ],
        [
            0.3416348287421234,
            0.15230563828233537,
            -0.6319791594959604,
            -0.05152289859749998
        ],
        [
            3.7614035176008156,
            0.6068324183217727,
            -0.9394942208008042,
            0.3314385608313805
        ],
        [
            -0.2892192949788954,
            3.0789940590101548,
            -4.0301064779271885,
            1.416866244071349
        ],
        [
            -0.12720983982217016,
            -1.162177892098209,
            1.0636882238182408,
            0.30861554510711525
        ],
        [
            -0.5181458664371232,
            3.8336781398771147,
            -1.092054292551017,
            -2.761189021675267
        ],
        [
            -0.3911030511842279,
            0.41538348825213167,
            0.08618311093543199,
            -0.6042237121259452
        ],
        [
            -0.35556305618401324,
            -1.1249199846045115,
            1.1943880473093902,
            0.14210894573692684
        ],
        [
            -0.5664811418455467,
            1.9877044369098351,
            -1.959051504487218,
            0.025894093506673092
        ],
        [
            0.7321626739364494,
            -1.2500053488612268,
            0.22468305080903625,
            0.9603026739513729
        ],
        [
            0.17385649586948754,
            -0.7393934869978915,
            -0.07131141302856661,
            0.5436240084375533
        ],
        [
            -0.19887042133324376,
            2.096978812818567,
            -1.1754516780914677,
            -1.2999299106147708
        ],
        [
            -0.9456277554599953,
            -1.0180984391681398,
            1.271388175588473,
            -0.1427004668115932
        ],
        [
            -0.19927011965511915,
            1.5337981811221615,
            -0.9141683176958894,
            -1.0191661602560766
        ],
        [
            -0.18203449904474744,
            1.1075167968603594,
            -0.9287895328141375,
            -0.6625587663711059
        ],
        [
            0.7662754875600669,
            -1.3693479958299208,
            1.0583627070666741,
            0.6857317977086669
        ],
        [
            -0.3370543728108049,
            1.9689741297198795,
            -0.944905982366485,
            -1.25832271980146
        ],
        [
            -0.5645981270819249,
            0.9712290537272988,
            -0.26596631825690337,
            -0.9422426286051743
        ],
        [
            -0.3821888072406656,
            -0.9660248106327527,
            1.4355829713170167,
            -0.17875846678273138
        ],
        [
            0.7769413350190304,
            -0.930155897264234,
            0.6304673284408658,
            0.3955919929896972
        ],
        [
            -0.8218291104178195,
            -0.004979284386624799,
            0.562308495798419,
            -0.6093015966538625
        ],
        [
            -0.7114233362513736,
            -0.549982161587139,
            -0.5000305646231806,
            2.0276315553005735
        ],
        [
            0.8488507143536611,
            -1.761406295597638,
            1.7413604997453418,
            0.7102271072541658
        ],
        [
            0.4418403315097139,
            1.301988445368598,
            -4.0519877016342445,
            3.3549936473132207
        ],
        [
            0.3312814509581083,
            0.3059236172646776,
            0.02812468338190974,
            -0.46033301720900277
        ],
        [
            -0.6429787132783605,
            0.4531690313474972,
            0.14998423190725813,
            -0.7529638491783324
        ],
        [
            0.43522555566149945,
            -1.100611124270197,
            1.0131115815814304,
            0.29554910874097934
        ],
        [
            -0.4155786584187629,
            -0.714588442883154,
            1.4130790712306005,
            -0.41116769248607216
        ],
        [
            1.02110737070268,
            -0.5277615143798792,
            0.3571802782067009,
            0.2590068193079119
        ],
        [
            -1.0399602897581237,
            -0.9295682173870907,
            1.1454294376171976,
            -0.09640523350068946
        ],
        [
            -0.49067753348838766,
            -0.5877496138132731,
            0.7001297876135036,
            -0.12987376384357513
        ],
        [
            -0.32388541591412634,
            -0.3504596149656416,
            0.39619314493188573,
            -0.1591192324052306
        ],
        [
            0.12643015886414766,
            0.5910159810220305,
            -1.4354511132189003,
            1.630543996529313
        ],
        [
            -0.5033436431257916,
            -1.2776644285282328,
            1.583037954409906,
            0.007612340660287289
        ],
        [
            0.1293608525077355,
            -0.8421070535671233,
