{
    "optimal_k": 2,
    "final_n_components": 3,
    "silhouette_scores": [
        0.4302817103820004,
        0.3687614874748588,
        0.38847085670853576,
        0.3484775608908146,
        0.33803192010273225,
        0.29169282796353757,
        0.3136438210980564,
        0.3174199226709016,
        0.3162230362016853
    ],
    "final_cumulative_variance_ratio": [
        0.607138173738497,
        0.913462021568354,
        0.9914426211873171,
        0.9999999999999999
    ],
    "largest_cluster_mask": [
        true,
        true,
        true,
        true,
        false,
        false,
        false,
        true,
        true,
        true,
        true,
        true,
        true,
        false,
        false,
        true,
        true,
        true,
        true,
        false,
        true,
        true,
        true,
        false,
        true,
        true,
        false,
        true,
        false,
        true,
        false,
        true,
        false,
        true,
        true,
        true,
        true,
        true,
        false,
        true,
        true,
        true,
        true,
        true,
        true,
        true,
        true,
        true,
        false,
        true,
        true,
        true,
        true,
        true,
        true,
        true,
        true,
        true,
        false,
        false,
        true,
        false,
        true,
        true,
        false,
        false,
        false,
        true,
        false,
        false,
        false,
        false,
        false,
        false,
        false,
        true,
        false,
        false,
        false,
        true,
        true,
        true,
        true,
        false,
        false,
        true,
        true,
        true,
        true,
        false,
        false,
        false,
        false,
        false,
        false,
        false,
        true,
        false,
        true,
        true,
        false,
        true,
        false,
        false,
        false,
        false,
        true,
        false,
        true,
        true,
        false,
        false,
        true,
        true
    ],
    "X_reduced": [
        [
            0.06680244610057547,
            -1.8414348944249486,
            -1.579547180842072,
            2.358957406332997
        ],
        [
            -0.09102020666474646,
            -0.3221486365346211,
            0.763162093546521,
            0.1026080318434455
        ],
        [
            -0.17673110966659536,
            0.0021472222456058484,
            -0.21110717210200713,
            0.1796680182382985
        ],
        [
            -0.04871635652624259,
            -1.6553594665993898,
            1.6638760451763908,
            1.7997585150196387
        ],
        [
            -0.510810776084811,
            0.4418790797481947,
            -1.105571897788984,
            0.005283487044880167
        ],
        [
            -0.06457921835317448,
            0.9708749557339383,
            -1.4927887878845427,
            -0.2430997426164525
        ],
        [
            -0.13958005607893734,
            4.845894361700381,
            -5.691998187208393,
            -3.914309925253445
        ],
        [
            1.3696283133789553,
            -2.5790688451112818,
            -0.3574721631666869,
            2.039036141457688
        ],
        [
            -0.00039617103685109695,
            0.16224852849557964,
            0.8298553493479497,
            -0.43742948033468687
        ],
        [
            0.01767530553275409,
            -2.6423049476838836,
            -0.8312252583749816,
            3.01380431857716
        ],
        [
            -0.07906084378947492,
            -0.6337351526741958,
            0.22447091247567652,
            0.730884605202052
        ],
        [
            -0.13595596044869357,
            -0.09886073594869323,
            1.2092104555978576,
            -0.3551791652451152
        ],
        [
            0.6510854297371875,
            -1.9284682165274778,
            -0.11466165971220577,
            1.919197154185338
        ],
        [
            0.08579486562807653,
            1.6008492769719402,
            -0.566132455045058,
            -1.2486673781816817
        ],
        [
            -0.0906154972548211,
            0.8642607274837343,
            -0.09097323522188067,
            -0.5238201314233027
        ],
        [
            -0.005661458813083354,
            -0.9622907492954371,
            -0.9556490179447922,
            1.6721045127855638
        ],
        [
            -0.0510631142839961,
            -0.8580592750061878,
            1.5568356502827774,
            0.4236724938519581
        ],
        [
            -0.1440044809464396,
            -0.6103615117947763,
            -0.7177158382695132,
            1.1559898050784683
        ],
        [
            -0.10100360693639521,
            -0.29635859830893835,
            -0.7087057304180423,
            0.9436418483705601
        ],
        [
            0.03728312540536116,
            1.26725043552208,
            -0.03279938070443685,
            -1.4800839085140152
        ],
        [
            0.11517746894766312,
            -1.3126354565407257,
            -0.533373000455142,
            1.926614339943169
        ],
        [
            -0.1291086672478194,
            -0.9779930629174572,
            0.11297159253744618,
            1.1974798962877744
        ],
        [
            -0.1944706597307317,
            -0.24028047938599295,
            1.0993839438118007,
            -0.3835955991793479
        ],
        [
            -0.25970812904305235,
            1.5058904560171347,
            -0.5034114794636335,
            -1.6409606850898246
        ],
        [
            -0.05023101388662544,
            -1.0304857722525995,
            0.834845023889714,
            0.9229613964081157
        ],
        [
            1.0140991214513633,
            -1.87740259507369,
            2.4129748965109408,
            0.5269112117834378
        ],
        [
            0.08364433085772595,
            1.2459353939051292,
            0.27920271617952386,
            -1.8132217272493367
        ],
        [
            1.7145102432508277,
            -1.0936677739263843,
            -0.12458189227438828,
            0.7034713119716293
        ],
        [
            -0.08608577401004423,
            0.47111862909486424,
            -1.0370642169031534,
            -0.22231832563193069
        ],
        [
            -0.16299050845074178,
            -0.8814995474459508,
            0.48476775412871254,
            0.8902790012742415
        ],
        [
            -0.18791061014480218,
            1.0041967493960833,
            0.03161142710275347,
            -1.3187032335065731
        ],
        [
            -0.09346451166690956,
            -0.4358422540434034,
            0.7855632645844478,
            -0.10674648599786192
        ],
        [
            -0.5433110356947312,
            1.7075553414562659,
            -0.546706769758369,
            -1.961072279939083
        ],
        [
            -0.09537337250334818,
            -1.0479095173584205,
            1.9691186990740537,
            0.5915550498936488
        ],
        [
            -0.12277480882401162,
            -0.3174611027342034,
            0.7994454710511062,
            0.14399428657243896
        ],
        [
            -0.15726364409044008,
            -0.09108619405583077,
            0.4053075805718545,
            0.06537073238330642
        ],
        [
            0.8808475752307686,
            -1.013710089568705,
            0.4543864006048526,
            -0.013984876305169073
        ],
        [
            -0.1151002982680035,
            -0.30954772452199214,
            1.3715346657112586,
            -0.3275121734554023
        ],
        [
            -0.13414008715538037,
