{
    "optimal_k": 2,
    "final_n_components": 2,
    "silhouette_scores": [
        0.4908909972520484,
        0.4753681775128791,
        0.42438908396666514,
        0.4253002441135912,
        0.3760903325597643,
        0.3952979245833532,
        0.3735100755140983,
        0.369738926159102,
        0.3358390068618483
    ],
    "final_cumulative_variance_ratio": [
        0.8376919092818228,
        0.9785466958038431,
        0.997533529857837,
        0.9999999999999999
    ],
    "largest_cluster_mask": [
        false,
        true,
        true,
        true,
        false,
        false,
        false,
        false,
        true,
        true,
        true,
        true,
        false,
        false,
        true,
        false,
        true,
        false,
        false,
        true,
        true,
        true,
        true,
        false,
        true,
        true,
        true,
        false,
        false,
        true,
        true,
        true,
        false,
        true,
        true,
        true,
        false,
        true,
        true,
        true,
        true,
        true,
        true,
        true,
        true,
        true,
        true,
        true,
        true,
        true,
        false,
        true,
        true,
        true,
        true,
        true,
        true,
        true,
        true,
        false,
        true,
        false,
        true,
        true,
        false,
        false,
        true,
        false,
        false,
        false,
        true,
        false,
        false,
        false,
        true,
        false,
        false,
        false,
        true,
        true,
        true,
        false,
        true,
        false,
        false,
        true,
        true,
        true,
        true,
        false,
        true,
        false,
        false,
        false,
        true,
        true,
        true,
        true,
        false,
        true,
        false,
        true,
        true,
        true,
        true,
        true,
        true,
        false,
        false,
        true,
        false,
        false,
        true,
        false
    ],
    "X_reduced": [
        [
            2.024859935804029,
            0.14516091084420482,
            0.4346118390597747,
            -0.5797398441196209
        ],
        [
            -1.2375602327957886,
            0.14048049606311847,
            1.1483710515478358,
            0.025873540822693802
        ],
        [
            -0.10926293930067951,
            -0.023353252089819837,
            0.12188989758234697,
            -0.055268301928621484
        ],
        [
            -1.8165397576956577,
            0.22607859582255163,
            1.7931103227186376,
            0.3204772510158899
        ],
        [
            1.5346398231834184,
            -0.41053542532588183,
            -1.489083759797462,
            0.3771876435922966
        ],
        [
            0.7505357427020669,
            -0.1470348524802915,
            -0.977211503628508,
            -0.6008167313277671
        ],
        [
            6.05905735745167,
            -0.8893477699796193,
            -5.658738855361652,
            -0.7041510731771777
        ],
        [
            2.831582794691025,
            0.2953498997836245,
            -2.2854918369399027,
            -0.8151654826171811
        ],
        [
            -1.1403027771210725,
            0.09316072940265528,
            0.8769230486660453,
            0.15232469397922463
        ],
        [
            1.3852835674965454,
            0.22793918422601836,
            1.2163966502308927,
            -0.38459133000928175
        ],
        [
            -0.43475794364467496,
            0.0858155874561321,
            0.7875084720423627,
            -0.04340591807380923
        ],
        [
            -1.452704860544996,
            0.10078013508488369,
            1.1273174553057381,
            0.3614400461907427
        ],
        [
            0.9268148325216964,
            0.26436951522209745,
            -0.22556277327571986,
            -0.6276078991949544
        ],
        [
            0.2622596330134057,
            -0.16426425219529006,
            -0.9631822178148596,
            -0.05898679559939988
        ],
        [
            -0.1669890341944724,
            -0.14130134172613776,
            -0.5429246208947737,
            0.13613142708105003
        ],
        [
            1.0029247011976292,
            0.026677733533051428,
            0.04374657759216194,
            -0.33933632606250685
        ],
        [
            -2.2630968443477486,
            0.28848893075246945,
            2.1080780864867616,
            0.014671389674256371
        ],
        [
            0.6954559505557276,
            -0.04457053437809585,
            -0.07909011411361332,
            -0.158176551889533
        ],
        [
            0.502910510189223,
            -0.05510589880235277,
            -0.23206011160561926,
            -0.2177354006420565
        ],
        [
            0.028509081491910983,
            -0.09466959140165616,
            -0.3051035877377922,
            0.19516607049628323
        ],
        [
            0.6259211223865221,
            0.12006008268837061,
            0.5810720390299684,
            -0.3360208976299356
        ],
        [
            -0.29675570106089655,
            0.09278938290307917,
            0.8112243306522401,
            -0.07032983920345058
        ],
        [
            -1.4313693976844841,
            0.13554656616067792,
            1.3532481931793117,
            0.26190193248995397
        ],
        [
            0.49182019412067013,
            -0.247744254520991,
            -0.9766495312418221,
            0.30144632588163545
        ],
        [
            -1.3858239374794434,
            0.23877015054158135,
            1.6483634515982661,
            -0.13667464531005474
        ],
        [
            -0.8739517626647566,
            0.4550233089667595,
            0.4537234646861076,
            0.12614703463425656
        ],
        [
            -0.24338470813786442,
            -0.019819934232363324,
            0.13779327911254186,
            0.241346307328351
        ],
        [
            2.898329504615122,
            0.12328149262221945,
            -3.466866613805071,
            -0.5798831016320417
        ],
        [
            0.6245751959987218,
            -0.057942914937971116,
            -0.2994873225087953,
            -0.38963878877637487
        ],
        [
            -0.7669201862760067,
            0.12085764168696156,
            1.0530925447247017,
            0.023095216155252223
        ],
        [
            -0.20578861992463357,
            -0.09709462240989737,
            -0.15656893773432498,
            0.2336704437115856
        ],
        [
            -1.3458248854694308,
            0.21020575966077842,
            1.5950026458461306,
            -0.09101526592133985
        ],
        [
            1.1643659426990705,
            -0.46286077361164385,
            -1.7235130067668352,
            0.8729806960605825
        ],
        [
            -2.3536871640508727,
            0.263574807700631,
            2.1031927031004933,
            0.3545967196675775
        ],
        [
            -1.2275109669786939,
            0.10715415088028027,
            1.0545514783580734,
            0.09189633675997204
        ],
        [
            -0.7729787656687619,
            0.035576227880855314,
            0.5799403292534863,
            0.07645564799878243
        ],
        [
            1.2944752850523218,
            0.18836118729430137,
            -1.371133567585685,
            -0.1853965994901083
        ],
        [
            -1.8271310598338104,
            0.1931627681973135,
            1.642977477605636,
            0.2130819430839708
        ],
        [
            -0.48617398045640164,
